Name,Last Names,Employee ID
Judy,Cobb,7819
Lily,Duran,7691
Amalia,Hicks,3735
Alys,Gibbs,8316
Easter,Fletcher,7092
Elmina,Pearson,7297
Callie,Leung,2928
Paula,Kemp,6519
Theodora,Roy,3875
Huldah,Khoury,7131
Ophelia,Chan,3404
Lucie,Davidson,3953
Leana,Hammond,3253
Dinah,Fernandez,8168
Phyllis,Soto,5449
Celia,Villanueva,5937
Margaretta,Costa,1486
Flossie,Anand,3472
Debbie,Delacruz,5218
Barbara,Matthews,2308
Fern,Hampton,2139
Ardelia,Hess,3989
Millicent,Aggarwal,7863
Camilla,Frazier,7604
Odessa,Han,6614
Honora,Hunt,6932
Geneva,Fernando,7284
Margarette,Reeves,7213
Sally,Fitzgerald,3302
Mona,Barton,8510
Cordia,Vasquez,5247
Margeret,Hopkins,3177
Meta,Srivastava,7406
Lucille,Hurley,7246
Irma,Mackenzie,3165
Alva,Morales,1222
Clementine,Skinner,2055
Lettie,Hassan,4859
Harvey,Cardenas,5140
Rennie,Chen,3130
James,Mcgrath,2195
Elva,Said,4348
Drucilla,Dixon,2925
Frank,Barrett,3178
Queenie,Dennis,7797
Virginia,Coleman,6274
Clarissa,Meyer,7153
Letha,Maldonado,5005
Tilda,Christian,8263
Hattie,Christensen,4316
Marguerite,Bhatia,1466
Martha,Nunez,4804
Birtie,Ramirez,2350
Era,Palmer,1466
Araminta,Ayala,5813
Johannah,Lau,6637
Gwendolyn,Samson,1983
Sabra,Mckinney,1110
Margret,Brady,3238
Ivy,Page,4096
Cynthia,Jay,5349
Hilda,Turner,7515
Cassie,Garg,1494
Mena,Rosales,3545
Joseph,Kent,7379
Olivia,Leon,3402
Becky,Monroe,2612
Savannah,Mcdaniel,5182
Arthur,Ferreira,7003
Littie,Moss,2540
Tina,Hutchinson,6924
Lula,Salas,3327
Shirley,Teo,4722
Thomas,Marks,6298
Verona,Barr,6713
Lelia,Moran,5760
Clemie,Mccoy,2811
Maybelle,Stark,7042
Hope,Ram,1626
Oscar,Haynes,6940
Opal,Andrade,6795
Nancy,Houston,5695
Iona,Bell,2698
Donna,Abbas,6272
Winona,Hussain,7420
Walter,Bates,4046
Constance,Luna,6081
Eve,Gould,6231
Viva,Stephenson,6662
Glenn,Park,4748
Elisabeth,Marquez,2972
Pauline,Bautista,2622
Rosina,Islam,6916
Linnie,Joe,2994
Roberta,Bryan,7377
Iva,Peterson,3042
Lida,Calderon,4972
Sada,Hall,4023
Ella,S,7302
Matie,Mclaughlin,3606
Mercedes,Mcdowell,5793
Tabitha,Howard,1057
Josiephine,Berg,2103
Nevada,Lim,2560
Bama,Maxwell,2642
Creola,Patel,7164
Luella,Wilkinson,2752
Mazie,Das,2373
Roena,Castaneda,5904
Etter,Blue,5535
Joan,House,6191
Osa,Eaton,5749
Cinda,Jacobs,3474
Eloise,Stevenson,7005
Lydia,Aguilar,6679
Corine,Shields,4917
Arizona,Weber,4889
Sara,Nicholson,3828
Lennie,Salvador,1476
Drusilla,Dunn,6968
Cordelia,Medina,5759
Melva,Aja,3076
Sallie,Mcbride,1639
Chloe,Pope,3363
Evaline,Manuel,5610
Meda,Ibrahim,4504
Thomas,English,2954
Lucy,Bradshaw,7086
Rosanna,Pereira,3683
Corda,Ng,1635
Peggy,Pena,2249
Classie,Lin,1179
Jennie,Decker,5352
Thea,Reddy,5861
Fannie,Conway,3328
Claude,Bass,4390
Sophronia,Ong,3206
Mozella,Jackson,3932
Aline,Gandhi,3881
Vina,Muhammad,2864
Arrie,King,1405
Lizzie,Cole,6085
Letta,Sandoval,7859
Regina,Daniel,4733
Ocie,Tiwari,1584
Katie,Chandler,7165
Ethel,Ansari,2189
Orpha,Knight,1692
Henry,Farrell,3761
Angelina,Camacho,5959
Eugenia,Hubbard,5264
Bessie,Kang,6425
Adaline,Higgins,7826
Benjamin,Davies,5267
Hester,Khalid,6039
Dell,Mark,2837
Rosia,Wright,8628
Anastasia,Michael,8420
Alice,Miles,4666
Birtha,Patton,8029
Cathrine,Reese,2215
Texas,Watts,6856
Clarence,Butt,3005
Diana,Rahman,3284
Odelia,Douglas,1539
Zelma,Yates,5177
Rosalia,Hawkins,3232
Ena,Foster,5847
Bell,Joseph,4948
Lona,Blake,3986
Cecilia,Norton,1474
Edna,Kirk,1674
Daisey,Shaikh,2208
Vida,Hughes,2100
Ira,Juarez,4991
Nora,Grimes,3107
Mabel,Lewis,5038
Annie,Francis,1154
Amanda,Chowdhury,4096
Vannie,Ruiz,6823
Isabelle,Holland,6915
Kizzie,Albert,1102
Freddie,Schroeder,3526
Mahala,Rosario,1473
Albertina,Edwards,4704
Zada,Hale,5907
Madie,Robinson,7199
Pinkey,Chang,7391
Patience,Brock,4924
Dorothea,Hines,1840
Lemma,Cook,4771
Izora,Starr,1536
Freda,Abbott,7112
Estell,Chong,8453
Lugenia,Strickland,3846
Dove,Lynn,3773
Elsa,Cameron,2421
Jeanne,Fernandes,8010
John,Small,3942
Linda,Shah,3161
Magdalena,Ford,5407
Jewel,Robertson,5111
Amber,Baxter,2916
Ednah,Dawson,4432
Eva,Ahmad,1472
Frieda,Smart,5955
Eudora,Law,6515
Robert,Oconnor,5423
Prudence,Robles,7435
Ottilie,Daniels,2309
Adelia,Richards,2038
Media,Cullen,3073
Ossie,Watkins,7618
Viney,Padilla,7516
Catherine,Tran,2854
Bridget,B,6240
Sam,Santana,3826
Mabelle,Davenport,7693
Reta,Bryant,5490
Eleanore,Nelson,4985
Vallie,Fuller,7795
Hessie,Quinn,2527
Rosalie,Kane,6667
Bert,Andersen,2298
Louetta,Wang,2252
Hortense,Chow,6857
Arie,Odonnell,3268
Zula,Little,3774
Minnie,Samuel,1943
Ethyl,Donovan,1626
Erma,Winter,5158
Love,Koh,7630
Manda,Keith,3807
Catharine,Gillespie,7557
Lee,Baldwin,2451
Esta,Flores,3295
Della,Ang,4967
Vena,Wijaya,3852
Connie,Gallagher,7685
Evalena,Gomes,1614
Icy,Arnold,5850
Myrtle,Phillips,5527
Monica,Bishop,2953
Gena,Kerr,5214
Golda,Ashraf,6780
Maudie,Saha,2520
Ardella,Dalton,6138
George,Nair,4081
Selma,Koch,7906
Delilah,Reilly,1316
Artie,Mccarthy,2489
Albert,Peters,1952
Bernadette,Bartlett,5539
Etta,Gonzales,2770
Ethelyn,Beck,3130
Jannie,Harrington,5200
Claudine,Pearce,6879
Rillie,Horn,4010
Molly,Perera,5338
Eddie,Saxena,8344
Velma,Newman,4910
Abigail,Kelly,2906
Louise,Chung,4502
Vertie,Gibson,6839
Clara,Carr,4780
Fidelia,Burton,7551
Elmira,Pham,4151
Zella,Sheikh,6953
Mammie,Maria,3166
Etha,Patrick,3686
Adelle,Woods,7971
Nannie,Wood,1036
Tempie,Heath,5300
Jossie,Klein,8438
Emilia,Hanson,5539
Teresa,Lindsey,4741
Marcia,Adel,6330
Beulah,Rao,5424
Carey,Brewer,3001
Rachel,Washington,5328
Myrtie,Whitehead,7355
Selina,Rhodes,5818
Elmer,Scott,4423
Omie,Riley,7632
Vada,Farmer,2907
Elvira,Weiss,1751
Gracie,Vaughan,3375
Therese,Herrera,5488
Kittie,Wong,8389
Norma,Schwartz,1833
Bertha,Yap,5014
Lillie,Dickson,1251
Roseanna,Atkinson,1797
Elda,Hart,4834
Ivah,Wells,5527
Tom,Waters,7012
Eulalia,Singh,3992
Penelope,Valdez,5679
Sabina,Mack,5728
Daisy,Sun,3681
