Customer ID,Customer Name,Phone Number
FA024A,Dana Ratliff,268-772-9204
7B49CF,Santiago Gibson,776-722-8590
395297,Mary Walker,476-745-5447
DA7BF4,Alta Ritter,598-064-6863
AAEAE9,Tomasa Duff,956-562-2828
2401F9,Donald Dixon,275-024-7437
BA31C6,Marjorie Claycomb,464-297-3069
17CF63,Charlotte Brammer,711-037-1858
32EA8A,Janey Marion,716-400-2369
FDEE41,William Carrillo,108-722-8585
E9FE02,Elizabeth Jones,194-084-3002
A55C5E,Pat Faircloth,909-084-4290
981149,Randall Bentz,824-888-5179
607F4F,Mary Patlan,432-818-6396
939923,Richard Waldrop,570-441-6489
76F96E,Walter Cook,853-748-0716
4DE788,Aaron Dennis,388-792-0210
7DB12D,Sharolyn Mcbride,788-154-2155
7CFD89,Jacob Strauss,786-487-2633
132333,Stephanie Brooks,835-376-5955
FDCBCC,Dustin Fisher,483-032-1556
79249F,Roland Oakes,834-497-6070
0E9343,Jackie Koewler,828-816-9476
E1B492,Dorothy Rautenstrauch,364-811-9157
1ABAC9,Christopher Hutchinson,631-556-4116
8B689C,Juan Barreras,780-077-7129
D734FB,George Patel,536-379-9987
FB6989,Stephen Wolf,149-459-8224
EE50E2,Julie Tramble,356-315-8857
EF04AF,Xavier Nesbit,479-589-3311
209806,John Brackett,757-845-2921
482BA4,Margarita Jones,717-312-8916
111CC5,Alfred Hockett,383-750-3407
54105F,Linda Kane,768-151-0986
0F447F,James Johnson,436-722-3375
9228F2,Bruce Kearney,249-118-3892
06E86C,Frank Lee,665-841-9778
9C8421,Delores Tomopoulos,684-252-2898
64C5C4,Laura Krug,636-107-7638
EF303C,Nolan Hall,270-617-3544
39E599,Trisha Burleson,592-032-7975
F25A4C,Daniel Morgan,805-356-1623
DCCA3A,Frank Chalk,600-441-2123
D50F13,Sandra Pergande,831-325-0723
FA4CEB,Carrie Avella,641-305-4051
1BD74F,John Todd,667-767-0275
9B5C48,Zina Raborn,951-619-5526
7D2BCE,Mildred Reed,277-064-9515
09AEED,Michelle Evans,557-670-1198
13D685,James Carter,885-310-2855
5AD6BE,Jesus Ridder,575-463-4189
D39EB4,Richard Roman,212-207-1485
A79329,Bernice Lucas,321-394-2974
81E5F5,Kim Wang,903-437-7126
B67421,Andrew Ehrgott,732-838-7700
23516,Blake Sessions,305-198-9777
B423A9,Terry Corvera,580-648-7693
A8C58F,Ruben Mclaren,371-273-8830
87B4CF,Rene Helms,478-011-8160
E2A141,Anitra Lee,878-335-4198
5F7900,June Messick,487-352-0610
688B86,Tim Langdon,781-283-2472
57E0881,Brandon Mcmaster,217-283-6880
72BBBC,Anthony Magnanti,938-681-4745
476AE3,Laura Mccormick,374-819-7650
1D5098,Anita Hamlin,784-391-1867
23F5A5,Audry Clark,695-003-9528
86ED9D,John Cornelius,503-860-6518
B5DE0F,James Pitcher,551-056-4895
E709F2,Eric Badger,863-885-4446
BB1ECC,Robert Bean,760-856-1988
8FF382,Shirley French,544-311-1302
FDB713,Brenda Stillings,475-493-7392
524B34,David Watson,520-678-6351
332205,Bryan Lightle,144-710-4766
64BA9A,Erin Polley,489-445-3690
25ED4E,Newton Miller,196-480-9950
B79653,Jessica Dickinson,732-212-6207
E8C948,Benjamin Chisholm,811-460-2163
CC7B06,Robert Nunez,705-330-7728
0DD093,Jerry Klauer,991-835-5113
8A836C,Valerie Havercroft,370-863-2784
E49C85,Annette Thomason,388-547-7005
95F734,Andy Jackson,399-625-5355
9F1A27,Peggy Velasquez,303-519-9315
C644FF,Shirley Mccomber,732-469-2657
467B42,Theresa Caldwell,651-484-1226
E4C181,Benjamin Hernandez,698-361-6947
B48A17,Paul Dowling,654-413-1061
E703DF,Paul Harris,992-869-3905
CF22E3,Lisa Bradley,484-395-6935
21E31A,Denae Pape,598-415-8436
B7FE08,Angel Kim,517-804-2631
A82EC6,Ann Claytor,317-108-4614
9CB361,Rodney Fujioka,243-433-7542
10253F,James Cash,483-369-7070
8D2FA5,Melva Montoya,954-850-9055
A96E56,Andrew Barber,406-102-4862
F31ABC,Wendy Mcfarland,952-067-3030
76D9DE,Dennis Kreps,858-541-6045
A443AF,Jennifer Elliston,257-167-6273
F58A5F,Bobby Cummings,897-423-3358
4D5687,Adele Stinson,729-685-3922
95AD7F,Sandra Bush,149-786-8639
24F2EB,Harold Sentell,545-371-5176
3A4126,David Tinker,949-782-8542
22B583,Lakesha Choi,879-745-5776
4F9432,Rudy Morris,401-829-2695
9DAD2A,Richard Horton,546-374-4415
8D553C,Bobby Stevenson,943-479-9480
AC0684,Anita Middleton,746-584-2769
86FF1D,Ralph Parker,876-501-8911
BDEC52,April Andrews,332-601-0078
DB39DF,Daniel Felix,397-307-7157
7922F2,Esther Bisson,109-219-2576
F02B9F,Sarah Cultice,711-278-7693
CD3AE7,Joshua Knecht,985-729-7312
797805,Jean Pastorius,885-561-9432
33AFA1,Ruth Mcgee,816-602-8842
DE9AC5,Julia Fitzpatrick,299-753-5951
G2421K,Clarence Herron,603-773-8385
5FD31B,Frances Dowling,277-013-7696
AE6B83,Jeremiah Brockett,643-218-3916
BF3FBF,William Ruff,751-883-6013
D340EC,Sheila Hepburn,809-242-7210
C7B874,Socorro Langlois,148-662-3395
7FD3BD,Theodore Chavez,786-720-0719
E00B64,Dave Simpson,239-317-5401
1E0B23,Nicholas Rigsby,377-880-4989
A92BD1,Raymond Alexander,152-578-6509
A51D31,Woodrow Miller,491-715-4824
BE4E7E,Mathew Penn,763-536-7677
462F9D,Mary Sandoval,523-583-8673
099A12,Gordon Buoy,255-601-4898
BF0F0B,William Pogozelski,505-471-5811
A9BCF8,Timothy Cloe,281-611-9527
0AB9F8,Wm Peters,610-153-1252
CCA24F,Virgil Simpson,918-379-6119
E8C98E,Celena Terry,775-525-1109
2BB50F,Lisa Waters,476-137-2724
EA46F0,Micheal Copeland,992-207-4278
95214D,Bennie Kelley,286-455-6754
F42A48,Julia Schmidt,137-636-5053
0448C6,William Seddon,469-862-0818
C8B82F,Robert Lewis,275-015-8412
FD6AE0,Mark Green,989-061-1700
6D90DE,Dorothy Minnick,675-165-5481
9F6A89,Robert Grober,636-721-9431
D377AC,John Thompson,902-622-4467
250377,Michael Cox,732-182-8363
D8EF88,Clelia Oliveira,810-290-1797
7244CF,Lora Emmert,979-120-6975
47ABE9,Louise Mccown,721-438-4255
5E52BE,Mark Mohan,205-410-3887
C5E300,David Clinton,676-795-5342
30295D,Janice Glenn,552-852-7469
E12036,Lucille Brooks,408-269-3291
C58FC9,William Taggert,439-735-1792
A95BB3,Lynn Soper,338-746-0969
FAC550,Harold Albert,554-680-9783
98DFDE,James Fletcher,576-726-3975
2AC035,Fred Ramirez,183-246-1986
CA5BA6,Gene Ezell,526-379-4671
A746CD,Violet Westerman,215-840-4738
D08943,Maureen Mchattie,574-885-9692
6B7859,James Varillas,688-524-8409
966F8B,Bruce Bradford,961-432-8221
81107B,Joseph Grandfield,325-334-2083
B00282,Carmen Guerrero,493-224-6203
9779CD,Kathline Ma,864-151-4787
4CD64D,Jennifer Deckard,753-270-7863
5125F5,Kenneth Alexis,522-405-3813
6124F4,Mary Webster,472-174-2030
0C3258,Carol Labonte,800-627-4254
FE0500,Brian Fretwell,596-648-4394
F3DBF5,Willie Miller,257-014-3590
2F6342,Julia Howard,697-387-6583
15C28B,Matthew Bouldin,670-030-6475
1D8929,Thomas Williams,964-530-8416
6AE487,Kara Tapia,373-448-1653
E6F623,Peter Saffell,449-572-8122
EB1E71,Stephen Cullen,676-212-9601
7F939D,Luis Lewis,912-111-5128
595299,Anna Greene,923-884-3177
FFDA53,Christopher Hass,855-306-7844
0E0BBE,James Mckinney,741-303-4559
DB850A,Genevieve Rowe,764-859-5491
AD96ED,Sheldon Sanchez,951-134-9571
A69D18,Kathy Kidd,616-732-3802
BB37AE,Robert Glidewell,677-182-4376
7DEA29,Herbert Owens,290-565-5657
D9FDBE,Lindsay Jones,859-689-1403
BA1E53,Eva Farrell,975-434-4975
E891B2,Ricky Coyne,998-478-9286
8FEE3E,Valerie Dowdy,744-699-9066
0B946A,Carmen Champagne,257-749-4660
3557F9,Lara Sewell,892-349-3079
AA6B6E,Grace Robertson,138-559-3962
39E455,Thomas Stewart,172-812-5184
B96742,David Younts,245-617-1980
754A1C,Victor Berry,299-582-6395
418D69,Stephen Nino,692-455-4202
33250A,Kim Sanchez,117-857-7179
E248E2,Renee Crocker,256-272-9822
6CA1B9,Charles Seguin,701-760-8881
T438I6,Cynthia Goldblatt,587-713-0991
1A99D1,Thomas Percell,531-809-5925
CE139D,Edward Huber,344-585-7342
80A19E,Mary Sawyer,980-300-1225
3D297F,Danae Wallis,913-554-9715
8D9CCA,Carole Omeara,246-613-1238
0EFBA1,Stephen Renshaw,556-464-5333
6C574F,Matthew Mcallister,652-481-6567
344D89,Valerie Reed,498-267-9821
DC7F5C,Edward Sample,558-352-0201
67EFE3,Shana Ward,761-358-5999
D87A37,Debbie Fikes,799-200-3879
5792BE,Minnie Vanderkam,773-792-9241
13A4CD,Nathan Dickson,559-060-5068
ACCF63,Emily Smith,996-583-9172
75A49C,Cynthia Hicks,196-537-3337
AA53DA,Reynaldo Rivas,165-485-0100
A19747,Nadine Fuller,404-693-0109
DF21B9,Katie Ortega,445-289-8963
E54414,Erika Hanley,927-583-9781
13847D,Sherry Kitchen,627-074-3588
94A9BB,Walter Diaz,966-666-9277
673942,Robert Danson,183-198-9891
48B349,Kenneth Stamper,500-677-1493
DD43B8,Kimi Marcum,678-775-5689
488128,Vincent Drewett,511-868-4297
2C885C,Jeremy Upchurch,476-684-0709
AF9D4C,Johnny Davis,382-351-8118
9C7602,Nancy Nemith,535-007-7422
92C942,Cody Butcher,108-771-0427
29332F,Jimmy Son,910-486-2923
3AED20,Joseph Daigle,279-465-3111
F9DC96,Richard Tollerud,420-694-3844
990DDB,George Swanson,507-329-4151
B27D4E,Leonard Merrill,139-499-5924
CCC3E1,William Ryan,458-185-6750
82F4C0,Beverly Eslinger,583-866-3761
007A15,Isaac Michaels,823-789-0008
6BF862,Lynne Odom,202-467-1049
FF8A4F,Estelle Rasmussen,523-195-8883
B2D4F1,Katie Troilo,612-035-3566
127654,Kimberly Wilcox,636-699-0852
8BA1AC,Jasmine Tipka,764-694-9261
279EAA,Josette Oliveira,803-877-0540
08323B,Edith Marks,133-078-3504
36439F,Carmen Garnett,750-040-2742
8118C9,Eleanor Marquez,785-109-1620
92B89D,Mildred Beall,221-642-7171
AFFA1B,Lloyd Tsan,166-689-1536
243D95,Kathy Powell,304-732-7969
9EDF28,Mildred Rhein,271-720-4599
44AF9F,Ruby Avery,568-651-1706
720EF6,James Corliss,813-275-6508
6B0129,Ronald Conner,353-574-5468
A35FE6,Hilda Kroeger,130-778-7892
C94C35,Chris Rooks,541-454-5606
229C9D,Kristine Christian,750-333-0865
A8AABF,Rufus Spear,966-523-9113
D9BFA6,John Ritz,126-128-1374
82825,Renee Michael,115-295-1747
DEA6E5,Victor Mendez,377-112-1612
68A2AD,Miguel Crossley,915-828-1039
13FB6E,James Moore,284-602-0475
56C8AE,Gloria Baylor,568-040-9706
AD3876,Joseph Dowdy,274-806-5002
D37D83,Brittany Lalonde,388-266-4300
AADDF2,Francis Stewart,476-161-2066
86C443,Daryl Crawford,276-788-2496
D1DDB1,Serina Gallegos,968-587-5088
47B879,Darrell Pruitt,199-015-5560
AB2783,Zofia Nolen,360-287-4568
753A30,Regina Larson,790-316-9379
29CEAA,Leila Thomas,143-317-7745
8E6D74,Elaine Hightower,116-156-9787
1C5571,Bruce Meehan,114-345-2045
0578C5,John Veney,372-247-7067
CE8F54,John Crutchfield,413-771-2255
205A68,Edward Thor,615-061-9602
0D791A,Ashton Letarte,751-010-9316
5ECD8C,Larry Nicoletti,261-388-0360
3CB6EF,Timothy Sanchez,450-140-6167
15A495,Ralph Rhodes,202-269-1976
82ACAC,Roberto Furstenberg,310-735-3938
1681FF,Alicia Arend,756-618-5732
4CC4F4,Vernon Lewis,137-699-6940
00E9DD,Norman Lemon,405-060-3270
487DC1,Annette Gandhi,557-057-5492
F17E28,Christina Childress,683-053-4453
3A0516,Adolfo Randle,119-305-2547
39F6EE,Anna Herbert,627-538-5307
FB7299,Harold Starks,924-584-3194
E1B6F1,Virginia Davis,578-258-0174
13F5F4,Nicole Corey,210-587-3825
D14161,Betty Boshart,187-182-6525
4DC45A,Patrick Fruits,531-149-6437
